module,debug_id,debug_filename,url,size,compressed_size
xul.pdb,283DD7BDD99552DD4C4C44205044422E1,xul.sym,https://symbols.mozilla.org/xul.pdb/283DD7BDD99552DD4C4C44205044422E1/xul.sym,80118859,18322642
xul.pdb,FE211AC3CF76B10B4C4C44205044422E1,xul.sym,https://symbols.mozilla.org/xul.pdb/FE211AC3CF76B10B4C4C44205044422E1/xul.sym,390569945,46665124
xul.pdb,ACBE045D0B4E57D14C4C44205044422E1,xul.sym,https://symbols.mozilla.org/xul.pdb/ACBE045D0B4E57D14C4C44205044422E1/xul.sym,80168083,18331274
xul.pdb,FCDC9F599DFF1EB94C4C44205044422E1,xul.sym,https://symbols.mozilla.org/xul.pdb/FCDC9F599DFF1EB94C4C44205044422E1/xul.sym,213486561,27647465
xul.pdb,5D430DA2FE4D72E84C4C44205044422E1,xul.sym,https://symbols.mozilla.org/xul.pdb/5D430DA2FE4D72E84C4C44205044422E1/xul.sym,390634340,46668991
xul.pdb,A71C777D6392EE744C4C44205044422E1,xul.sym,https://symbols.mozilla.org/xul.pdb/A71C777D6392EE744C4C44205044422E1/xul.sym,102463663,19973294
xul.pdb,B05865417D87754C4C4C44205044422E1,xul.sym,https://symbols.mozilla.org/xul.pdb/B05865417D87754C4C4C44205044422E1/xul.sym,109063125,21477183
xul.pdb,BAB654DB7027CB654C4C44205044422E1,xul.sym,https://symbols.mozilla.org/xul.pdb/BAB654DB7027CB654C4C44205044422E1/xul.sym,102556918,19988421
xul.pdb,331D018B51026D4D4C4C44205044422E1,xul.sym,https://symbols.mozilla.org/xul.pdb/331D018B51026D4D4C4C44205044422E1/xul.sym,358178292,43846669
xul.pdb,DC2F338471E1C5974C4C44205044422E1,xul.sym,https://symbols.mozilla.org/xul.pdb/DC2F338471E1C5974C4C44205044422E1/xul.sym,85085137,19358993
xul.pdb,C4BEE290CC0369ED4C4C44205044422E1,xul.sym,https://symbols.mozilla.org/xul.pdb/C4BEE290CC0369ED4C4C44205044422E1/xul.sym,225483976,29042865
xul.pdb,E597FD44F6F1687C4C4C44205044422E1,xul.sym,https://symbols.mozilla.org/xul.pdb/E597FD44F6F1687C4C4C44205044422E1/xul.sym,109204183,21507755
xul.pdb,8BEDEA075C6F4CD74C4C44205044422E1,xul.sym,https://symbols.mozilla.org/xul.pdb/8BEDEA075C6F4CD74C4C44205044422E1/xul.sym,183770676,33444568
xul.pdb,02E11D1CCA688BA54C4C44205044422E1,xul.sym,https://symbols.mozilla.org/xul.pdb/02E11D1CCA688BA54C4C44205044422E1/xul.sym,390604912,46666112
xul.pdb,D3CDB155979133634C4C44205044422E1,xul.sym,https://symbols.mozilla.org/xul.pdb/D3CDB155979133634C4C44205044422E1/xul.sym,183751746,33435271
xul.pdb,E2A6907797D68E384C4C44205044422E1,xul.sym,https://symbols.mozilla.org/xul.pdb/E2A6907797D68E384C4C44205044422E1/xul.sym,85078324,19358477
xul.pdb,F97500E5C69C65E94C4C44205044422E1,xul.sym,https://symbols.mozilla.org/xul.pdb/F97500E5C69C65E94C4C44205044422E1/xul.sym,213533162,27654192
xul.pdb,93DA7084C226736B4C4C44205044422E1,xul.sym,https://symbols.mozilla.org/xul.pdb/93DA7084C226736B4C4C44205044422E1/xul.sym,238284938,31769697
xul.pdb,7FCFCC3DDCF426F34C4C44205044422E1,xul.sym,https://symbols.mozilla.org/xul.pdb/7FCFCC3DDCF426F34C4C44205044422E1/xul.sym,213489887,27651284
xul.pdb,96A8E28EECF64A9B4C4C44205044422E1,xul.sym,https://symbols.mozilla.org/xul.pdb/96A8E28EECF64A9B4C4C44205044422E1/xul.sym,213517742,27652691
xul.pdb,7FC59684DA6D01804C4C44205044422E1,xul.sym,https://symbols.mozilla.org/xul.pdb/7FC59684DA6D01804C4C44205044422E1/xul.sym,183790823,33448367
xul.pdb,7035EB962FAB06664C4C44205044422E1,xul.sym,https://symbols.mozilla.org/xul.pdb/7035EB962FAB06664C4C44205044422E1/xul.sym,102541249,19986218
xul.pdb,7F14809B36799DBF4C4C44205044422E1,xul.sym,https://symbols.mozilla.org/xul.pdb/7F14809B36799DBF4C4C44205044422E1/xul.sym,183415502,33346925
xul.pdb,95C0A40F8204A31C4C4C44205044422E1,xul.sym,https://symbols.mozilla.org/xul.pdb/95C0A40F8204A31C4C4C44205044422E1/xul.sym,358109164,43843977
xul.pdb,03A509AD09E3BA964C4C44205044422E1,xul.sym,https://symbols.mozilla.org/xul.pdb/03A509AD09E3BA964C4C44205044422E1/xul.sym,102470097,19972469
xul.pdb,9F221B2788D652E74C4C44205044422E1,xul.sym,https://symbols.mozilla.org/xul.pdb/9F221B2788D652E74C4C44205044422E1/xul.sym,183762357,33438022
xul.pdb,866066BA96275CC64C4C44205044422E1,xul.sym,https://symbols.mozilla.org/xul.pdb/866066BA96275CC64C4C44205044422E1/xul.sym,183408963,33345306
xul.pdb,C0A08A0A0C4CF7394C4C44205044422E1,xul.sym,https://symbols.mozilla.org/xul.pdb/C0A08A0A0C4CF7394C4C44205044422E1/xul.sym,147171230,30983778
xul.pdb,BBE1B743C64270A44C4C44205044422E1,xul.sym,https://symbols.mozilla.org/xul.pdb/BBE1B743C64270A44C4C44205044422E1/xul.sym,183764026,33437432
xul.pdb,98D6C762733882214C4C44205044422E1,xul.sym,https://symbols.mozilla.org/xul.pdb/98D6C762733882214C4C44205044422E1/xul.sym,390569945,46665137
xul.pdb,59D28A7AA9369EC74C4C44205044422E1,xul.sym,https://symbols.mozilla.org/xul.pdb/59D28A7AA9369EC74C4C44205044422E1/xul.sym,225475926,29039903
xul.pdb,CACDD2A6053F80994C4C44205044422E1,xul.sym,https://symbols.mozilla.org/xul.pdb/CACDD2A6053F80994C4C44205044422E1/xul.sym,231380900,29796284
xul.pdb,7A30A4B2357C9E2E4C4C44205044422E1,xul.sym,https://symbols.mozilla.org/xul.pdb/7A30A4B2357C9E2E4C4C44205044422E1/xul.sym,80165892,18331425
xul.pdb,43A5BF8F2435D93A4C4C44205044422E1,xul.sym,https://symbols.mozilla.org/xul.pdb/43A5BF8F2435D93A4C4C44205044422E1/xul.sym,85093934,19362884
xul.pdb,519AEC8FDE83330A4C4C44205044422E1,xul.sym,https://symbols.mozilla.org/xul.pdb/519AEC8FDE83330A4C4C44205044422E1/xul.sym,170124175,31520503
xul.pdb,E3DCC414A95F8F3B4C4C44205044422E1,xul.sym,https://symbols.mozilla.org/xul.pdb/E3DCC414A95F8F3B4C4C44205044422E1/xul.sym,108512276,21165576
xul.pdb,38BB83E4F90815774C4C44205044422E1,xul.sym,https://symbols.mozilla.org/xul.pdb/38BB83E4F90815774C4C44205044422E1/xul.sym,170464494,31615776
xul.pdb,1EE451B75289F9674C4C44205044422E1,xul.sym,https://symbols.mozilla.org/xul.pdb/1EE451B75289F9674C4C44205044422E1/xul.sym,80119713,18323707
xul.pdb,6892E042A025F11B4C4C44205044422E1,xul.sym,https://symbols.mozilla.org/xul.pdb/6892E042A025F11B4C4C44205044422E1/xul.sym,217073851,29024553
xul.pdb,5F811AD92371B8B24C4C44205044422E1,xul.sym,https://symbols.mozilla.org/xul.pdb/5F811AD92371B8B24C4C44205044422E1/xul.sym,225483976,29042761
xul.pdb,DBD78AB468EBACA64C4C44205044422E1,xul.sym,https://symbols.mozilla.org/xul.pdb/DBD78AB468EBACA64C4C44205044422E1/xul.sym,231365785,29797850
xul.pdb,784E2C32F49ECBAF4C4C44205044422E1,xul.sym,https://symbols.mozilla.org/xul.pdb/784E2C32F49ECBAF4C4C44205044422E1/xul.sym,170457681,31612654
xul.pdb,6DDE621DFA43D6DA4C4C44205044422E1,xul.sym,https://symbols.mozilla.org/xul.pdb/6DDE621DFA43D6DA4C4C44205044422E1/xul.sym,183419085,33346540
xul.pdb,641457FCFADEF7D14C4C44205044422E1,xul.sym,https://symbols.mozilla.org/xul.pdb/641457FCFADEF7D14C4C44205044422E1/xul.sym,102467300,19972122
xul.pdb,D0F724EDBEF0AF5D4C4C44205044422E1,xul.sym,https://symbols.mozilla.org/xul.pdb/D0F724EDBEF0AF5D4C4C44205044422E1/xul.sym,183777095,33442255
xul.pdb,17C5BA33ACB99FA14C4C44205044422E1,xul.sym,https://symbols.mozilla.org/xul.pdb/17C5BA33ACB99FA14C4C44205044422E1/xul.sym,109065009,21477026
xul.pdb,16824549C78C62484C4C44205044422E1,xul.sym,https://symbols.mozilla.org/xul.pdb/16824549C78C62484C4C44205044422E1/xul.sym,80071489,18318633
xul.pdb,BFB30E955A43D9534C4C44205044422E1,xul.sym,https://symbols.mozilla.org/xul.pdb/BFB30E955A43D9534C4C44205044422E1/xul.sym,170464368,31614027
xul.pdb,ECCCA612B11D32DA4C4C44205044422E1,xul.sym,https://symbols.mozilla.org/xul.pdb/ECCCA612B11D32DA4C4C44205044422E1/xul.sym,183751746,33435286
xul.pdb,2CF03A5AC52ABCA34C4C44205044422E1,xul.sym,https://symbols.mozilla.org/xul.pdb/2CF03A5AC52ABCA34C4C44205044422E1/xul.sym,137213943,29328525
xul.pdb,F0E4E35EDBE84AC64C4C44205044422E1,xul.sym,https://symbols.mozilla.org/xul.pdb/F0E4E35EDBE84AC64C4C44205044422E1/xul.sym,109195718,21503417
xul.pdb,8D0C4BF4527CF4114C4C44205044422E1,xul.sym,https://symbols.mozilla.org/xul.pdb/8D0C4BF4527CF4114C4C44205044422E1/xul.sym,358109164,43843951
xul.pdb,E3E7E5161458A3F54C4C44205044422E1,xul.sym,https://symbols.mozilla.org/xul.pdb/E3E7E5161458A3F54C4C44205044422E1/xul.sym,358172321,43844905
xul.pdb,2541B7DBA93CB70F4C4C44205044422E1,xul.sym,https://symbols.mozilla.org/xul.pdb/2541B7DBA93CB70F4C4C44205044422E1/xul.sym,108512276,21165593
xul.pdb,DE2A8C555FE239EA4C4C44205044422E1,xul.sym,https://symbols.mozilla.org/xul.pdb/DE2A8C555FE239EA4C4C44205044422E1/xul.sym,98653132,19579826
xul.pdb,5D4C7B6A2FD7613F4C4C44205044422E1,xul.sym,https://symbols.mozilla.org/xul.pdb/5D4C7B6A2FD7613F4C4C44205044422E1/xul.sym,183751746,33435265
xul.pdb,57966C81DC911AC44C4C44205044422E1,xul.sym,https://symbols.mozilla.org/xul.pdb/57966C81DC911AC44C4C44205044422E1/xul.sym,147189399,30988266
xul.pdb,06A04DEB505BE3E84C4C44205044422E1,xul.sym,https://symbols.mozilla.org/xul.pdb/06A04DEB505BE3E84C4C44205044422E1/xul.sym,102549538,19985078
xul.pdb,331846F4C25FD51C4C4C44205044422E1,xul.sym,https://symbols.mozilla.org/xul.pdb/331846F4C25FD51C4C4C44205044422E1/xul.sym,170474773,31617463
xul.pdb,2215C30DEA3B6BC74C4C44205044422E1,xul.sym,https://symbols.mozilla.org/xul.pdb/2215C30DEA3B6BC74C4C44205044422E1/xul.sym,170474773,31617458
xul.pdb,CE92890B10E5A59B4C4C44205044422E1,xul.sym,https://symbols.mozilla.org/xul.pdb/CE92890B10E5A59B4C4C44205044422E1/xul.sym,85062523,19355768
xul.pdb,000D82A157CC98B54C4C44205044422E1,xul.sym,https://symbols.mozilla.org/xul.pdb/000D82A157CC98B54C4C44205044422E1/xul.sym,235735432,31438841
xul.pdb,DC5E804C56B314824C4C44205044422E1,xul.sym,https://symbols.mozilla.org/xul.pdb/DC5E804C56B314824C4C44205044422E1/xul.sym,170479760,31615628
xul.pdb,44492411A13977394C4C44205044422E1,xul.sym,https://symbols.mozilla.org/xul.pdb/44492411A13977394C4C44205044422E1/xul.sym,109072730,21474744
xul.pdb,81071BA037B1C4FF4C4C44205044422E1,xul.sym,https://symbols.mozilla.org/xul.pdb/81071BA037B1C4FF4C4C44205044422E1/xul.sym,102447164,19970819
xul.pdb,379727D5A78AED894C4C44205044422E1,xul.sym,https://symbols.mozilla.org/xul.pdb/379727D5A78AED894C4C44205044422E1/xul.sym,102459068,19970408
xul.pdb,6144CA693D3517164C4C44205044422E1,xul.sym,https://symbols.mozilla.org/xul.pdb/6144CA693D3517164C4C44205044422E1/xul.sym,137213644,29328106
xul.pdb,8227E23C50FAC9DC4C4C44205044422E1,xul.sym,https://symbols.mozilla.org/xul.pdb/8227E23C50FAC9DC4C4C44205044422E1/xul.sym,170485110,31619204
xul.pdb,0D62755F09C750B14C4C44205044422E1,xul.sym,https://symbols.mozilla.org/xul.pdb/0D62755F09C750B14C4C44205044422E1/xul.sym,137222961,29331182
xul.pdb,98A1AEA9BBCC1F4D4C4C44205044422E1,xul.sym,https://symbols.mozilla.org/xul.pdb/98A1AEA9BBCC1F4D4C4C44205044422E1/xul.sym,98653496,19580655
xul.pdb,39428DF020C91B684C4C44205044422E1,xul.sym,https://symbols.mozilla.org/xul.pdb/39428DF020C91B684C4C44205044422E1/xul.sym,170457681,31612699
xul.pdb,631272C54F0E81FA4C4C44205044422E1,xul.sym,https://symbols.mozilla.org/xul.pdb/631272C54F0E81FA4C4C44205044422E1/xul.sym,109049389,21473267
xul.pdb,2164E91F64F9DC8E4C4C44205044422E1,xul.sym,https://symbols.mozilla.org/xul.pdb/2164E91F64F9DC8E4C4C44205044422E1/xul.sym,80155855,18328524
xul.pdb,FA5F384B2B2B2F634C4C44205044422E1,xul.sym,https://symbols.mozilla.org/xul.pdb/FA5F384B2B2B2F634C4C44205044422E1/xul.sym,170474773,31617501
xul.pdb,2AB1837296363A3F4C4C44205044422E1,xul.sym,https://symbols.mozilla.org/xul.pdb/2AB1837296363A3F4C4C44205044422E1/xul.sym,358109164,43843946
xul.pdb,7862A212979959574C4C44205044422E1,xul.sym,https://symbols.mozilla.org/xul.pdb/7862A212979959574C4C44205044422E1/xul.sym,109157464,21496886
xul.pdb,D14267E75BB283A34C4C44205044422E1,xul.sym,https://symbols.mozilla.org/xul.pdb/D14267E75BB283A34C4C44205044422E1/xul.sym,170467951,31614054
xul.pdb,4C9BD11FA5A9E2674C4C44205044422E1,xul.sym,https://symbols.mozilla.org/xul.pdb/4C9BD11FA5A9E2674C4C44205044422E1/xul.sym,98659356,19580235
xul.pdb,95500F30526874E64C4C44205044422E1,xul.sym,https://symbols.mozilla.org/xul.pdb/95500F30526874E64C4C44205044422E1/xul.sym,102452247,19968168
xul.pdb,C1D057A4A203962B4C4C44205044422E1,xul.sym,https://symbols.mozilla.org/xul.pdb/C1D057A4A203962B4C4C44205044422E1/xul.sym,213519958,27653776
xul.pdb,DAABB090CE6FECCC4C4C44205044422E1,xul.sym,https://symbols.mozilla.org/xul.pdb/DAABB090CE6FECCC4C4C44205044422E1/xul.sym,102448843,19967986
xul.pdb,96AA36A0407658654C4C44205044422E1,xul.sym,https://symbols.mozilla.org/xul.pdb/96AA36A0407658654C4C44205044422E1/xul.sym,231369525,29798154
xul.pdb,0DC9D2FF8E4DF8D24C4C44205044422E1,xul.sym,https://symbols.mozilla.org/xul.pdb/0DC9D2FF8E4DF8D24C4C44205044422E1/xul.sym,147171230,30983848
xul.pdb,E6FFE02BA38680E24C4C44205044422E1,xul.sym,https://symbols.mozilla.org/xul.pdb/E6FFE02BA38680E24C4C44205044422E1/xul.sym,183741744,33434278
xul.pdb,B12B8199F00DB6624C4C44205044422E1,xul.sym,https://symbols.mozilla.org/xul.pdb/B12B8199F00DB6624C4C44205044422E1/xul.sym,102535360,19980576
xul.pdb,E264ED0CF4477AA64C4C44205044422E1,xul.sym,https://symbols.mozilla.org/xul.pdb/E264ED0CF4477AA64C4C44205044422E1/xul.sym,231400549,29805539
xul.pdb,E3CE68C96E53C60E4C4C44205044422E1,xul.sym,https://symbols.mozilla.org/xul.pdb/E3CE68C96E53C60E4C4C44205044422E1/xul.sym,225483025,29041528
xul.pdb,20AF53D227DEC3584C4C44205044422E1,xul.sym,https://symbols.mozilla.org/xul.pdb/20AF53D227DEC3584C4C44205044422E1/xul.sym,231357931,29803022
xul.pdb,FD0C84EC9D53918E4C4C44205044422E1,xul.sym,https://symbols.mozilla.org/xul.pdb/FD0C84EC9D53918E4C4C44205044422E1/xul.sym,183408963,33345320
xul.pdb,B9B4EF747F4BD40F4C4C44205044422E1,xul.sym,https://symbols.mozilla.org/xul.pdb/B9B4EF747F4BD40F4C4C44205044422E1/xul.sym,98653496,19580659
xul.pdb,395E4861FA1329194C4C44205044422E1,xul.sym,https://symbols.mozilla.org/xul.pdb/395E4861FA1329194C4C44205044422E1/xul.sym,213532436,27654735
xul.pdb,0A7AA8D0D39C26684C4C44205044422E1,xul.sym,https://symbols.mozilla.org/xul.pdb/0A7AA8D0D39C26684C4C44205044422E1/xul.sym,170474773,31617489
xul.pdb,06125599A762EB464C4C44205044422E1,xul.sym,https://symbols.mozilla.org/xul.pdb/06125599A762EB464C4C44205044422E1/xul.sym,183429236,33348829
xul.pdb,276E4F17C97134574C4C44205044422E1,xul.sym,https://symbols.mozilla.org/xul.pdb/276E4F17C97134574C4C44205044422E1/xul.sym,183751746,33435236
xul.pdb,D18A6733A918A9934C4C44205044422E1,xul.sym,https://symbols.mozilla.org/xul.pdb/D18A6733A918A9934C4C44205044422E1/xul.sym,80163380,18331118
xul.pdb,C920DDA572214ADE4C4C44205044422E1,xul.sym,https://symbols.mozilla.org/xul.pdb/C920DDA572214ADE4C4C44205044422E1/xul.sym,170486809,31618773
xul.pdb,337FBB766C2FFC0C4C4C44205044422E1,xul.sym,https://symbols.mozilla.org/xul.pdb/337FBB766C2FFC0C4C4C44205044422E1/xul.sym,183751746,33435268
xul.pdb,FC476627794FA2E64C4C44205044422E1,xul.sym,https://symbols.mozilla.org/xul.pdb/FC476627794FA2E64C4C44205044422E1/xul.sym,213521848,27656445
xul.pdb,7DE8F63CEA936E9C4C4C44205044422E1,xul.sym,https://symbols.mozilla.org/xul.pdb/7DE8F63CEA936E9C4C4C44205044422E1/xul.sym,390569945,46665159
xul.pdb,092C35A369AE598F4C4C44205044422E1,xul.sym,https://symbols.mozilla.org/xul.pdb/092C35A369AE598F4C4C44205044422E1/xul.sym,85078199,19359233
